<?xml version="1.0" encoding="UTF-8"?>
<project-private xmlns="http://www.netbeans.org/ns/project-private/1">
    <editor-bookmarks xmlns="http://www.netbeans.org/ns/editor-bookmarks/1"/>
    <open-files xmlns="http://www.netbeans.org/ns/projectui-open-files/1">
        <file>file:/home/shanai/docs/presentation/jjug200804/sample/nb/person03/src/person/PersonView.java</file>
        <file>file:/home/shanai/docs/presentation/jjug200804/sample/nb/person03/src/person/resources/PersonApp.properties</file>
        <file>file:/home/shanai/docs/presentation/jjug200804/sample/nb/person03/src/person/resources/PersonView.properties</file>
    </open-files>
</project-private>
